firstname,lastname,email,profession
Pierette,Weide,Pierette@gmail.com,doctor
Tani,Mike,Tani@gmail.com,developer
Jenda,Desai,Jenda@gmail.com,doctor
Winny,Anestassia,Winny@gmail.com,worker
Talya,Calhoun,Talya@gmail.com,developer
Sue,Orelee,Sue@gmail.com,police officer
Tatiania,Stoller,Tatiania@gmail.com,developer
Dorthy,Atonsah,Dorthy@gmail.com,police officer
Hayley,Elo,Hayley@gmail.com,worker
Cindelyn,Bluh,Cindelyn@gmail.com,worker
Emmey,Bevin,Emmey@gmail.com,firefighter
Petronia,Lucienne,Petronia@gmail.com,doctor
Dania,Masao,Dania@gmail.com,doctor
Gretal,Helfand,Gretal@gmail.com,police officer
Gusella,Podvin,Gusella@gmail.com,doctor
Genovera,Buttaro,Genovera@gmail.com,firefighter
Cindelyn,Franza,Cindelyn@gmail.com,worker
Elka,Corabella,Elka@gmail.com,firefighter
Dennie,Lamoree,Dennie@gmail.com,firefighter
Eugine,Angelis,Eugine@gmail.com,developer
Lynea,Hieronymus,Lynea@gmail.com,worker
Nananne,Ummersen,Nananne@gmail.com,police officer
Maurene,Constancy,Maurene@gmail.com,worker
Marline,Eachern,Marline@gmail.com,police officer
Jolyn,Publia,Jolyn@gmail.com,worker
Rosaline,Stacy,Rosaline@gmail.com,developer
Cindelyn,Lynn,Cindelyn@gmail.com,developer
Di,Lucienne,Di@gmail.com,police officer
Sue,Saree,Sue@gmail.com,police officer
Flo,Strephon,Flo@gmail.com,developer
Elmira,Haymes,Elmira@gmail.com,police officer
Aaren,Uird,Aaren@gmail.com,doctor
Elise,Wolfgram,Elise@gmail.com,firefighter
Mallory,Lutero,Mallory@gmail.com,firefighter
Nita,Trace,Nita@gmail.com,doctor
Donetta,Dorothy,Donetta@gmail.com,doctor
Felice,Hoban,Felice@gmail.com,police officer
Nicoli,Rolf,Nicoli@gmail.com,doctor
Trudie,Auberbach,Trudie@gmail.com,firefighter
Brooks,Bakerman,Brooks@gmail.com,police officer
Tami,Bach,Tami@gmail.com,firefighter
Margarette,Kunin,Margarette@gmail.com,police officer
Xylina,Hanleigh,Xylina@gmail.com,firefighter
Cassandra,Neva,Cassandra@gmail.com,developer
Charlena,Faria,Charlena@gmail.com,worker
Stacey,Arquit,Stacey@gmail.com,police officer
Merci,Telfer,Merci@gmail.com,police officer
Bettine,Matthew,Bettine@gmail.com,doctor
Patricia,Francene,Patricia@gmail.com,police officer
Ira,Autrey,Ira@gmail.com,doctor
Vita,Alabaster,Vita@gmail.com,worker
Ulrike,Lewes,Ulrike@gmail.com,firefighter
Zsa Zsa,Delp,Zsa Zsa@gmail.com,firefighter
Alejandra,Eben,Alejandra@gmail.com,worker
Babita,Tristram,Babita@gmail.com,worker
Morganica,Nelsen,Morganica@gmail.com,worker
Katuscha,Angelis,Katuscha@gmail.com,developer
Nataline,Sibyls,Nataline@gmail.com,police officer
Malina,Haerr,Malina@gmail.com,developer
Rosabelle,Ardeha,Rosabelle@gmail.com,worker
Miquela,Adamsen,Miquela@gmail.com,firefighter
Almeta,Ciro,Almeta@gmail.com,police officer
Yetty,Delacourt,Yetty@gmail.com,doctor
Pamella,Berne,Pamella@gmail.com,doctor
Gale,Sawtelle,Gale@gmail.com,police officer
Lily,Lucienne,Lily@gmail.com,doctor
Marika,Haerr,Marika@gmail.com,police officer
Emelina,Goode,Emelina@gmail.com,worker
Elie,Ellerey,Elie@gmail.com,worker
Thalia,Alisia,Thalia@gmail.com,doctor
Phedra,Roche,Phedra@gmail.com,worker
Helsa,Llovera,Helsa@gmail.com,developer
Gerrie,Podvin,Gerrie@gmail.com,firefighter
Audrie,Stav,Audrie@gmail.com,firefighter
Sue,Gabrielli,Sue@gmail.com,firefighter
Cherilyn,Pearse,Cherilyn@gmail.com,doctor
Carly,Vanni,Carly@gmail.com,police officer
Joy,Dorcy,Joy@gmail.com,doctor
Ginnie,Madox,Ginnie@gmail.com,firefighter
Yvonne,Abbot,Yvonne@gmail.com,developer
Kore,Ricarda,Kore@gmail.com,developer
Claudina,Gahl,Claudina@gmail.com,doctor
Sherrie,Lorenz,Sherrie@gmail.com,firefighter
Elvira,Si,Elvira@gmail.com,worker
Corina,Sharl,Corina@gmail.com,police officer
Zsa Zsa,Trey,Zsa Zsa@gmail.com,doctor
Kalina,Jaylene,Kalina@gmail.com,police officer
Deloria,Cordi,Deloria@gmail.com,firefighter
Orelia,Alfons,Orelia@gmail.com,firefighter
Demetris,Lauraine,Demetris@gmail.com,firefighter
Brandise,Morehouse,Brandise@gmail.com,police officer
Henriette,Alice,Henriette@gmail.com,firefighter
Livvyy,Sandye,Livvyy@gmail.com,police officer
Tobe,Delila,Tobe@gmail.com,worker
Mallory,Morgun,Mallory@gmail.com,firefighter
Luci,Maryanne,Luci@gmail.com,firefighter
Katleen,Poll,Katleen@gmail.com,developer
Modestia,Claudine,Modestia@gmail.com,worker
Gaylene,Cath,Gaylene@gmail.com,police officer
Phylis,Eldrid,Phylis@gmail.com,police officer
Jinny,Rugen,Jinny@gmail.com,worker
Aili,Cottle,Aili@gmail.com,doctor
Madalyn,Verger,Madalyn@gmail.com,worker
Lilith,Hepsibah,Lilith@gmail.com,firefighter
Flory,Ball,Flory@gmail.com,firefighter
Jessamyn,Lauraine,Jessamyn@gmail.com,worker
Hallie,Grobe,Hallie@gmail.com,doctor
Gerianna,Salchunas,Gerianna@gmail.com,doctor
Blinni,Flita,Blinni@gmail.com,police officer
Sharai,Jobi,Sharai@gmail.com,police officer
Aurore,Jerold,Aurore@gmail.com,police officer
Karlee,Ogren,Karlee@gmail.com,worker
Danika,Ortrude,Danika@gmail.com,doctor
Aigneis,Pattin,Aigneis@gmail.com,doctor
Lindie,Abram,Lindie@gmail.com,doctor
Dode,Thunell,Dode@gmail.com,firefighter
Kara-Lynn,Anselmi,Kara-Lynn@gmail.com,doctor
Brietta,Greyson,Brietta@gmail.com,developer
Kary,Phi,Kary@gmail.com,worker
Stevana,Gherardo,Stevana@gmail.com,police officer
Merle,Sundin,Merle@gmail.com,police officer
Sean,Esmaria,Sean@gmail.com,worker
Cherilyn,Wesle,Cherilyn@gmail.com,police officer
Gretal,Blisse,Gretal@gmail.com,doctor
Lusa,Meli,Lusa@gmail.com,worker
Sybille,Hanshaw,Sybille@gmail.com,developer
Glenda,Fredi,Glenda@gmail.com,developer
Joy,Merat,Joy@gmail.com,police officer
Minda,Fulmer,Minda@gmail.com,worker
Etta,Capello,Etta@gmail.com,firefighter
Agathe,August,Agathe@gmail.com,worker
Agathe,Gamaliel,Agathe@gmail.com,doctor
Rosabelle,Barney,Rosabelle@gmail.com,firefighter
Kirbee,An,Kirbee@gmail.com,developer
Ekaterina,Hieronymus,Ekaterina@gmail.com,worker
Alameda,Laurianne,Alameda@gmail.com,worker
Shauna,Sidonius,Shauna@gmail.com,worker
Lelah,Helfand,Lelah@gmail.com,developer
Nerta,Etom,Nerta@gmail.com,police officer
Tomasina,Alejoa,Tomasina@gmail.com,developer
Lisette,Hirsch,Lisette@gmail.com,developer
Heida,Ophelia,Heida@gmail.com,doctor
Mariele,Phyllis,Mariele@gmail.com,doctor
Karina,Lissi,Karina@gmail.com,police officer
Gianina,Hazlett,Gianina@gmail.com,developer
Gilda,Alva,Gilda@gmail.com,firefighter
Carmencita,Leary,Carmencita@gmail.com,worker
Linet,Danby,Linet@gmail.com,doctor
Laurene,Uird,Laurene@gmail.com,police officer
Margalo,Maurine,Margalo@gmail.com,police officer
Rosene,Shelba,Rosene@gmail.com,worker
Berget,Rona,Berget@gmail.com,firefighter
Zondra,Land,Zondra@gmail.com,developer
Edyth,Giff,Edyth@gmail.com,worker
Karlee,Reinke,Karlee@gmail.com,doctor
Maryellen,Leary,Maryellen@gmail.com,police officer
Hayley,Tacye,Hayley@gmail.com,police officer
Lauryn,Vary,Lauryn@gmail.com,firefighter
Laurene,Vacuva,Laurene@gmail.com,doctor
Genevra,Middleton,Genevra@gmail.com,developer
Christal,Center,Christal@gmail.com,police officer
Jinny,Grosz,Jinny@gmail.com,doctor
Iseabal,Zola,Iseabal@gmail.com,police officer
Agathe,Wind,Agathe@gmail.com,police officer
Lyssa,Wattenberg,Lyssa@gmail.com,firefighter
Annora,Macey,Annora@gmail.com,developer
Hettie,Trinetta,Hettie@gmail.com,developer
Ezmeralda,Arathorn,Ezmeralda@gmail.com,developer
Sherrie,Dawkins,Sherrie@gmail.com,police officer
Elfreda,Suzetta,Elfreda@gmail.com,doctor
Fayre,Arne,Fayre@gmail.com,police officer
Candi,Trinetta,Candi@gmail.com,doctor
Margette,Bennie,Margette@gmail.com,firefighter
Justinn,Silvan,Justinn@gmail.com,doctor
Nanete,Prober,Nanete@gmail.com,police officer
Lanae,Cecile,Lanae@gmail.com,worker
Caressa,Hathaway,Caressa@gmail.com,developer
Kassey,Raul,Kassey@gmail.com,developer
Ardeen,Joachim,Ardeen@gmail.com,developer
Cam,Ulphia,Cam@gmail.com,developer
Deedee,Charmine,Deedee@gmail.com,developer
Hannis,Juan,Hannis@gmail.com,doctor
Kary,Wandie,Kary@gmail.com,police officer
Lyssa,Federica,Lyssa@gmail.com,developer
Mariele,Nerita,Mariele@gmail.com,developer
Dale,Fancie,Dale@gmail.com,developer
Rhea,Cath,Rhea@gmail.com,police officer
Harrietta,Saunderson,Harrietta@gmail.com,police officer
Chastity,Kylander,Chastity@gmail.com,doctor
Anallese,Lipson,Anallese@gmail.com,doctor
Collen,Halsey,Collen@gmail.com,police officer
Selia,Juan,Selia@gmail.com,police officer
Devina,Cristi,Devina@gmail.com,developer
Shirlee,Fosque,Shirlee@gmail.com,doctor
Sindee,Llovera,Sindee@gmail.com,firefighter
Gretal,Olin,Gretal@gmail.com,developer
Annaliese,Suzetta,Annaliese@gmail.com,worker
Lesly,Kelula,Lesly@gmail.com,developer
Selma,Desai,Selma@gmail.com,developer
Farrah,Suanne,Farrah@gmail.com,developer
Donnie,Ledah,Donnie@gmail.com,doctor
Hallie,Harned,Hallie@gmail.com,doctor
Nonnah,Maisey,Nonnah@gmail.com,developer
Kenna,Dosia,Kenna@gmail.com,worker
Wynne,Hamil,Wynne@gmail.com,police officer
Henriette,Cullin,Henriette@gmail.com,developer
Tabbatha,Adore,Tabbatha@gmail.com,developer
Stevana,Tybald,Stevana@gmail.com,firefighter
Lila,Ludewig,Lila@gmail.com,firefighter
Cordi,Suanne,Cordi@gmail.com,doctor
Marleah,Rese,Marleah@gmail.com,police officer
Priscilla,Loeb,Priscilla@gmail.com,worker
Kirbee,Berne,Kirbee@gmail.com,worker
Tybie,Wattenberg,Tybie@gmail.com,worker
Sindee,Madaih,Sindee@gmail.com,worker
Rani,Haerr,Rani@gmail.com,police officer
Vere,Toni,Vere@gmail.com,developer
Hollie,Tacye,Hollie@gmail.com,firefighter
Corry,Vanni,Corry@gmail.com,police officer
Charmaine,Sibyls,Charmaine@gmail.com,doctor
Ardys,Jerold,Ardys@gmail.com,worker
Frank,Heidt,Frank@gmail.com,firefighter
Annaliese,Euridice,Annaliese@gmail.com,police officer
Trixi,Desai,Trixi@gmail.com,firefighter
Miquela,Lasley,Miquela@gmail.com,firefighter
Flo,Maisey,Flo@gmail.com,worker
Madeleine,Glenden,Madeleine@gmail.com,police officer
Alexine,Pattin,Alexine@gmail.com,doctor
Ketti,Hanleigh,Ketti@gmail.com,police officer
Rochette,Lamoree,Rochette@gmail.com,firefighter
Tatiania,Jacqui,Tatiania@gmail.com,police officer
Jaime,Beebe,Jaime@gmail.com,worker
Tilly,Maurine,Tilly@gmail.com,firefighter
Marti,McNully,Marti@gmail.com,police officer
Minda,Sabella,Minda@gmail.com,developer
Sallie,Vins,Sallie@gmail.com,worker
Melodie,Holbrook,Melodie@gmail.com,firefighter
Steffane,Killigrew,Steffane@gmail.com,developer
Lexine,Dudley,Lexine@gmail.com,doctor
Emma,Ardra,Emma@gmail.com,firefighter
Joy,Lemuela,Joy@gmail.com,firefighter
Annabela,Ingra,Annabela@gmail.com,police officer
Verla,Oscar,Verla@gmail.com,firefighter
Phedra,Gaal,Phedra@gmail.com,police officer
Moyna,Montgomery,Moyna@gmail.com,developer
Damaris,Sallyann,Damaris@gmail.com,worker
Regina,Jena,Regina@gmail.com,worker
Marti,Klemperer,Marti@gmail.com,developer
Roslyn,Shanley,Roslyn@gmail.com,doctor
Valli,Kathie,Valli@gmail.com,worker
Addia,Calhoun,Addia@gmail.com,police officer
Norine,Hoban,Norine@gmail.com,developer
Brynna,Felizio,Brynna@gmail.com,doctor
Devina,Sharl,Devina@gmail.com,developer
Nyssa,Billye,Nyssa@gmail.com,police officer
Lindie,Salvidor,Lindie@gmail.com,firefighter
Anthia,Phi,Anthia@gmail.com,worker
Hildegaard,Schlosser,Hildegaard@gmail.com,doctor
Jacquetta,Carlson,Jacquetta@gmail.com,developer
Brianna,Abbot,Brianna@gmail.com,worker
Althea,Roarke,Althea@gmail.com,police officer
Larine,Nerita,Larine@gmail.com,police officer
Elka,Winnick,Elka@gmail.com,police officer
Daune,Kevon,Daune@gmail.com,worker
Rori,Slifka,Rori@gmail.com,worker
Mara,Baylor,Mara@gmail.com,developer
Priscilla,Raimondo,Priscilla@gmail.com,doctor
Valera,Loeb,Valera@gmail.com,developer
Kayla,Belanger,Kayla@gmail.com,developer
Rubie,Mayeda,Rubie@gmail.com,police officer
Nadine,Evangelia,Nadine@gmail.com,police officer
Bettine,Hull,Bettine@gmail.com,developer
Carree,Jagir,Carree@gmail.com,developer
Joleen,Connelly,Joleen@gmail.com,firefighter
Minne,Hamil,Minne@gmail.com,worker
Alie,Darbie,Alie@gmail.com,firefighter
Jackie,Orlene,Jackie@gmail.com,developer
Sarette,Sholley,Sarette@gmail.com,developer
Christy,Travax,Christy@gmail.com,worker
Audrie,Lory,Audrie@gmail.com,firefighter
Ivett,Santoro,Ivett@gmail.com,firefighter
Shaylyn,Holbrook,Shaylyn@gmail.com,worker
Rochette,Mitzi,Rochette@gmail.com,doctor
Meg,Chabot,Meg@gmail.com,firefighter
Jaclyn,Haymes,Jaclyn@gmail.com,firefighter
Tori,Konyn,Tori@gmail.com,police officer
Tobe,Sparhawk,Tobe@gmail.com,doctor
Celisse,Holtz,Celisse@gmail.com,doctor
Jackie,Himelman,Jackie@gmail.com,doctor
Abbie,Talia,Abbie@gmail.com,firefighter
Joleen,Neils,Joleen@gmail.com,doctor
Morganica,Cohdwell,Morganica@gmail.com,firefighter
Orelia,Urania,Orelia@gmail.com,doctor
Shauna,Dichy,Shauna@gmail.com,doctor
Tami,Cristi,Tami@gmail.com,police officer
Liana,Fairweather,Liana@gmail.com,police officer
Tilly,Croix,Tilly@gmail.com,doctor
Brietta,Margret,Brietta@gmail.com,firefighter
Elvira,Lilybelle,Elvira@gmail.com,doctor
Mildrid,Valoniah,Mildrid@gmail.com,worker
Alie,Dudley,Alie@gmail.com,developer
Ulrike,Tice,Ulrike@gmail.com,doctor
Angela,Boycey,Angela@gmail.com,doctor
Raf,Hebner,Raf@gmail.com,doctor
Peri,Daegal,Peri@gmail.com,firefighter
Clary,Cimbura,Clary@gmail.com,developer
Winny,Wiener,Winny@gmail.com,firefighter
Halette,Dreda,Halette@gmail.com,police officer
Starla,Muriel,Starla@gmail.com,police officer
Carly,Brittani,Carly@gmail.com,worker
Althea,Edvard,Althea@gmail.com,developer
Celestyna,Cosenza,Celestyna@gmail.com,developer
Basia,Sandye,Basia@gmail.com,firefighter
Max,Cookie,Max@gmail.com,worker
Nariko,Harl,Nariko@gmail.com,doctor
Raf,Capello,Raf@gmail.com,developer
Bernie,Winnick,Bernie@gmail.com,worker
Celene,Lauraine,Celene@gmail.com,worker
Carmela,Selway,Carmela@gmail.com,police officer
Cassandra,Khorma,Cassandra@gmail.com,police officer
Chrystel,Gilbertson,Chrystel@gmail.com,developer
Adriana,Winnick,Adriana@gmail.com,doctor
Linet,Daniele,Linet@gmail.com,developer
Donetta,Andrel,Donetta@gmail.com,developer
Arlena,Alarise,Arlena@gmail.com,developer
Jaclyn,Lamoree,Jaclyn@gmail.com,firefighter
Mildrid,Oriana,Mildrid@gmail.com,doctor
Drucie,McLaughlin,Drucie@gmail.com,worker
Dulce,Maples,Dulce@gmail.com,police officer
Barbi,Tamsky,Barbi@gmail.com,doctor
Gerianna,Gillan,Gerianna@gmail.com,worker
Corene,Etom,Corene@gmail.com,worker
Gabi,Halla,Gabi@gmail.com,police officer
Flory,Talia,Flory@gmail.com,worker
Meghann,Ummersen,Meghann@gmail.com,police officer
Rochette,Calhoun,Rochette@gmail.com,doctor
Sindee,Crudden,Sindee@gmail.com,police officer
Cissiee,Henrie,Cissiee@gmail.com,worker
Tressa,Colyer,Tressa@gmail.com,developer
Britni,Harned,Britni@gmail.com,firefighter
Tressa,Goerke,Tressa@gmail.com,developer
Patricia,Sharl,Patricia@gmail.com,police officer
Morganica,Longfellow,Morganica@gmail.com,worker
Nanete,Donoghue,Nanete@gmail.com,firefighter
Bill,Zachary,Bill@gmail.com,police officer
Corene,Drus,Corene@gmail.com,firefighter
Joceline,Virgin,Joceline@gmail.com,developer
Doro,Amasa,Doro@gmail.com,developer
Elena,Blisse,Elena@gmail.com,doctor
Pamella,Callista,Pamella@gmail.com,firefighter
Gui,Koziara,Gui@gmail.com,police officer
Sheree,Bohlin,Sheree@gmail.com,doctor
Eolanda,Amethist,Eolanda@gmail.com,police officer
Alejandra,Sholley,Alejandra@gmail.com,developer
Damaris,Rona,Damaris@gmail.com,worker
Katleen,Shields,Katleen@gmail.com,police officer
Ninnetta,Olnee,Ninnetta@gmail.com,developer
Chloris,Morehouse,Chloris@gmail.com,firefighter
Gilda,Japeth,Gilda@gmail.com,developer
Emilia,Lunsford,Emilia@gmail.com,police officer
Natka,Joeann,Natka@gmail.com,police officer
Verla,Sasnett,Verla@gmail.com,firefighter
Jolyn,Tarrant,Jolyn@gmail.com,firefighter
Zondra,Adore,Zondra@gmail.com,doctor
Damaris,Pond,Damaris@gmail.com,firefighter
Cherilyn,Rozanna,Cherilyn@gmail.com,firefighter
Mathilda,Friede,Mathilda@gmail.com,doctor
Eve,Etom,Eve@gmail.com,doctor
Talya,Seumas,Talya@gmail.com,worker
Sharlene,Tayib,Sharlene@gmail.com,police officer
Melina,Kare,Melina@gmail.com,firefighter
Gilda,Holbrook,Gilda@gmail.com,developer
Emylee,Horan,Emylee@gmail.com,developer
Cristabel,Hull,Cristabel@gmail.com,doctor
Marti,Afton,Marti@gmail.com,doctor
Suzette,Stilwell,Suzette@gmail.com,police officer
Celene,Jarib,Celene@gmail.com,developer
Ethel,Wilkinson,Ethel@gmail.com,firefighter
Donetta,Seumas,Donetta@gmail.com,developer
Elie,Chauncey,Elie@gmail.com,firefighter
Melanie,Lumbard,Melanie@gmail.com,police officer
Tami,Garrison,Tami@gmail.com,worker
Jemie,Halla,Jemie@gmail.com,worker
Calla,Edmund,Calla@gmail.com,doctor
Priscilla,Genna,Priscilla@gmail.com,firefighter
Chere,Suk,Chere@gmail.com,police officer
Glynnis,Taima,Glynnis@gmail.com,police officer
Janenna,Aloise,Janenna@gmail.com,doctor
Sindee,Atcliffe,Sindee@gmail.com,developer
Cyb,Yoko,Cyb@gmail.com,developer
Viki,Johnsson,Viki@gmail.com,developer
Dari,Tarrant,Dari@gmail.com,doctor
Tybie,Cadmar,Tybie@gmail.com,doctor
Raf,Florina,Raf@gmail.com,firefighter
Lusa,Hermes,Lusa@gmail.com,doctor
Lexine,Land,Lexine@gmail.com,firefighter
Ingrid,Elisha,Ingrid@gmail.com,worker
Adriana,Medrek,Adriana@gmail.com,developer
Rayna,Chesna,Rayna@gmail.com,doctor
Annora,Sinegold,Annora@gmail.com,developer
Marylou,Grimbly,Marylou@gmail.com,developer
Lilith,Lasley,Lilith@gmail.com,police officer
Ketti,Chem,Ketti@gmail.com,developer
Edyth,Alfons,Edyth@gmail.com,developer
Petronia,Dominy,Petronia@gmail.com,doctor
Kara-Lynn,Lory,Kara-Lynn@gmail.com,developer
Melisent,Eben,Melisent@gmail.com,developer
Bobinette,Pozzy,Bobinette@gmail.com,firefighter
Alyssa,Kosey,Alyssa@gmail.com,worker
Bibby,Gaspard,Bibby@gmail.com,firefighter
Lyssa,Aaberg,Lyssa@gmail.com,police officer
Daryl,Henrie,Daryl@gmail.com,worker
Vonny,Jerald,Vonny@gmail.com,developer
Gilligan,Blake,Gilligan@gmail.com,doctor
Selia,Blase,Selia@gmail.com,firefighter
Merci,Lia,Merci@gmail.com,worker
Mariele,Latini,Mariele@gmail.com,developer
Desirae,Ax,Desirae@gmail.com,police officer
Carree,Izaak,Carree@gmail.com,doctor
Cassandra,Pillsbury,Cassandra@gmail.com,firefighter
Genevra,Lowry,Genevra@gmail.com,developer
Juliane,Bergman,Juliane@gmail.com,doctor
Fina,Old,Fina@gmail.com,doctor
Jenda,Waite,Jenda@gmail.com,worker
Sallie,Carbo,Sallie@gmail.com,worker
Leanna,Cath,Leanna@gmail.com,developer
Heida,Chick,Heida@gmail.com,police officer
Darci,Newell,Darci@gmail.com,firefighter
Sashenka,Raul,Sashenka@gmail.com,worker
Pollyanna,Eckblad,Pollyanna@gmail.com,firefighter
Selia,Karna,Selia@gmail.com,worker
Sarette,Swigart,Sarette@gmail.com,firefighter
Sindee,Selway,Sindee@gmail.com,firefighter
Mamie,Jerald,Mamie@gmail.com,police officer
Marinna,Yorick,Marinna@gmail.com,worker
Felice,Lutero,Felice@gmail.com,firefighter
Fanny,Lane,Fanny@gmail.com,worker
Sharlene,Evangelia,Sharlene@gmail.com,developer
Berta,Lissi,Berta@gmail.com,worker
Roxane,Edee,Roxane@gmail.com,doctor
Tabbatha,Garrison,Tabbatha@gmail.com,doctor
Alyda,Zamora,Alyda@gmail.com,doctor
Tierney,Hillel,Tierney@gmail.com,doctor
Eolanda,Tristram,Eolanda@gmail.com,doctor
Margalo,Sothena,Margalo@gmail.com,worker
Corly,Brenn,Corly@gmail.com,firefighter
Vonny,Japeth,Vonny@gmail.com,doctor
Anestassia,Barbey,Anestassia@gmail.com,doctor
Cyndie,Thomasina,Cyndie@gmail.com,doctor
Nikki,Amasa,Nikki@gmail.com,worker
Trudie,Annice,Trudie@gmail.com,doctor
Amelia,Kimmie,Amelia@gmail.com,firefighter
Gavrielle,Lilybelle,Gavrielle@gmail.com,police officer
Kore,Ciapas,Kore@gmail.com,doctor
Dulce,Schenck,Dulce@gmail.com,police officer
Blondelle,Gamaliel,Blondelle@gmail.com,developer
Hildegaard,Poll,Hildegaard@gmail.com,worker
Jaclyn,Edvard,Jaclyn@gmail.com,police officer
Laurene,Fancie,Laurene@gmail.com,firefighter
Georgina,Nance,Georgina@gmail.com,firefighter
Albertina,Wesle,Albertina@gmail.com,developer
Wilma,Vins,Wilma@gmail.com,police officer
Susette,Earlie,Susette@gmail.com,police officer
Aigneis,Malvino,Aigneis@gmail.com,doctor
Eadie,Nadia,Eadie@gmail.com,developer
Bobbi,Goldina,Bobbi@gmail.com,doctor
Claudina,Lorain,Claudina@gmail.com,worker
Madeleine,Johanna,Madeleine@gmail.com,worker
Marylou,Keelia,Marylou@gmail.com,police officer
Emelina,Ventre,Emelina@gmail.com,police officer
Etta,Marlie,Etta@gmail.com,doctor
Fred,Verger,Fred@gmail.com,worker
Alexine,Himelman,Alexine@gmail.com,developer
Christy,Sophronia,Christy@gmail.com,developer
Fanny,Amand,Fanny@gmail.com,police officer
Arlina,Eliathas,Arlina@gmail.com,firefighter
Elie,Rurik,Elie@gmail.com,developer
Sheree,Dash,Sheree@gmail.com,worker
Tybie,Cleavland,Tybie@gmail.com,doctor
Layla,Imelida,Layla@gmail.com,worker
Ardys,Sabella,Ardys@gmail.com,worker
Linet,Kimmie,Linet@gmail.com,police officer
Flo,Ralfston,Flo@gmail.com,firefighter
Natka,Bigner,Natka@gmail.com,worker
Olwen,Estella,Olwen@gmail.com,firefighter
Barbi,Cleo,Barbi@gmail.com,police officer
Lorie,Bennie,Lorie@gmail.com,developer
Renie,Lasley,Renie@gmail.com,police officer
Jackie,Shuler,Jackie@gmail.com,police officer
Kimmy,Kussell,Kimmy@gmail.com,developer
Renie,McCutcheon,Renie@gmail.com,worker
Ardenia,Markman,Ardenia@gmail.com,firefighter
Gusella,Koehler,Gusella@gmail.com,firefighter
Charissa,Telfer,Charissa@gmail.com,firefighter
Elise,Wolfgram,Elise@gmail.com,developer
Agnese,Jehu,Agnese@gmail.com,doctor
Brietta,Rurik,Brietta@gmail.com,developer
Emelina,Chapland,Emelina@gmail.com,worker
Donnie,Secrest,Donnie@gmail.com,developer
Tami,Rubie,Tami@gmail.com,worker